CTS,PTB_%,PSC,CTF,emitidos,burneados,tiempo_min,tiempo_max,unidad_tiempo
341,4.398826979472141,2020.3903431429412,0,341,15,70.04016587698133,39567.45445722589,horas
