CTS,PTB_%,PSC,CTF,emitidos,burneados,tiempo_min,tiempo_max,unidad_tiempo
361,4.43213296398892,2057.2246202365714,1,361,16,79.95486450596243,43118.978016109744,horas
