CTS,PTB_%,PSC,CTF,emitidos,burneados,tiempo_min,tiempo_max,unidad_tiempo
352,2.840909090909091,1920.5804334082336,1,352,10,0.5150433700409895,40535.881819590155,horas
