CTS,PTB_%,PSC,CTF,emitidos,burneados,tiempo_min,tiempo_max,unidad_tiempo
342,3.508771929824561,2001.0082220782053,0,342,12,359.75403849154486,41022.807889253614,horas
