CTS,PTB_%,PSC,CTF,emitidos,burneados,tiempo_min,tiempo_max,unidad_tiempo
369,4.878048780487805,1983.049376145508,0,369,18,0.45221797493602084,40021.08585105156,horas
