CTS,PTB_%,PSC,CTF,emitidos,burneados,tiempo_min,tiempo_max,unidad_tiempo
358,6.424581005586592,1983.495699477998,1,358,23,79.95485022908485,45968.64778002676,horas
