CTS,PTB_%,PSC,CTF,emitidos,burneados,tiempo_min,tiempo_max,unidad_tiempo
354,3.389830508474576,2104.7022982728654,1,354,12,0.4692680899768591,3079.5426092076623,días
