CTS,PTB_%,PSC,CTF,emitidos,burneados,tiempo_min,tiempo_max,unidad_tiempo
354,3.389830508474576,2125.5253949998446,1,354,12,5.3147267339337745,39101.05351397814,horas
