CTS,PTB_%,PSC,CTF,emitidos,burneados,tiempo_min,tiempo_max,unidad_tiempo
354,3.389830508474576,2104.7022982728654,1,354,12,70.79712207912172,38877.40455601249,horas
