CTS,PTB_%,PSC,CTF,emitidos,burneados,tiempo_min,tiempo_max,unidad_tiempo
337,5.044510385756676,1943.8732545872426,0,337,17,0.37315725890092877,40678.60722870709,horas
