CTS,PTB_%,PSC,CTF,emitidos,burneados,tiempo_min,tiempo_max,unidad_tiempo
347,7.204610951008646,1939.6411086770484,1,347,25,79.95486365089545,41233.42528895997,horas
