CTS,PTB_%,PSC,CTF,emitidos,burneados,tiempo_min,tiempo_max,unidad_tiempo
347,4.322766570605188,1937.8506645880382,0,347,15,0.5230622945058355,41504.71432264229,horas
