variable,mejor_dist,params_json,n,unidad_tiempo
TS,gausshyper,"{""a"": 0.1919762895277124, ""b"": 12.577806911989462, ""c"": -9.525036917327565, ""z"": 4.592142660259739, ""loc"": 0.016666666666666663, ""scale"": 1.2687176010149264}",499,horas
LLIN,invgauss,"{""mu"": 0.42263747991411393, ""loc"": -5.812816807396662, ""scale"": 85.98345008527477}",499,horas
