variable,mejor_dist,params_json,n_muestras,media_muestras,mediana_muestras
TS,lognorm,"{""s"": 3.6726901129272167, ""loc"": 0.2227309197187825, ""scale"": 8.17874989662566}",353,109.65690806772172,75.8120469260084
LLIN,gamma,"{""a"": 0.5855244822463066, ""loc"": 5.3147265958252765, ""scale"": 372.6185390268189}",153,252.8224836249718,154.0928883190445
