variable,mejor_dist,params_json,n,unidad_tiempo
TS,foldnorm,"{""c"": 1.7764229085916459, ""loc"": 0.016666598622727194, ""scale"": 0.18211473065476175}",500,horas
LLIN,burr12,"{""c"": 1.5391457740764092, ""d"": 10.484869829341443, ""loc"": 0.8236106665409169, ""scale"": 142.80176923912757}",500,horas
