variable,mejor_dist,params_json,n_muestras,media_muestras,mediana_muestras
TS,weibull_min,"{""c"": 1.1282447006546452, ""loc"": 0.018909772875685772, ""scale"": 9.086973897378504}",353,8.715215936452463,6.65964647481951
LLIN,weibull_min,"{""c"": 0.7840315497678993, ""loc"": 0.005537420375929968, ""scale"": 16.664364442244896}",153,20.082814212211858,10.222587133905677
