variable,mejor_dist,params_json,n_muestras,media_muestras,mediana_muestras
TS,norm,"{""loc"": 12.076861211125035, ""scale"": 2111.0756798869315}",3494,12.076861211125035,74.16405849897592
LLIN,norm,"{""loc"": 23.09191492265121, ""scale"": 2962.01456811454}",1771,23.09191492265121,154.19140603707638
