variable,mejor_dist,params_json,n,unidad_tiempo
TS,arcsine,"{""loc"": 0.22271785461778992, ""scale"": 0.31546116254575196}",10,horas
LLIN,johnsonsb,"{""a"": -0.47331432273849006, ""b"": 0.07801106876351566, ""loc"": 5.314726595595976, ""scale"": 74.64013798248887}",10,horas
