metrica,valor
CTS,359.0
PTB_%,2.785515320334262
PSC,1920.3188405797102
CTF,16.0
