metrica,valor
CTS,354.0
PTB_%,3.389830508474576
PSC,2104.7022982728654
CTF,1.0
