tiempo_min,tiempo_max,duracion,n_registros,tokens_final,unidad_tiempo
0.3731572589009287,45968.64778002676,45968.27462276786,5733,3023,horas
