tiempo_min,tiempo_max,duracion,n_registros,tokens_final,unidad_tiempo
0.4692680899768591,3079.5426092076623,3079.0733411176852,554,342,días
