tiempo_min,tiempo_max,duracion,n_registros,tokens_final,unidad_tiempo
70.79712207912172,38877.40455601249,38806.607433933365,554,342,horas
